,Title,Book Rating,imdbRating
0,Harry Potter and the Sorcerer's Stone,8.88,7.6
1,The Karamazov Brothers,8.62,7.8
2,2001: A Space Odyssey,7.46,8.3
3,In Cold Blood,8.1,8.0
4,Treasure Island,7.64,7.0
5,Treasure Island,7.64,7.0
6,Treasure Island,7.64,7.0
7,Treasure Island,7.64,7.0
8,Treasure Island,7.64,7.0
9,The Catcher in the Rye,7.58,2.1
10,A Walk to Remember,8.3,7.4
11,Message in a Bottle,7.9,6.2
12,The Notebook,8.14,7.9
13,Nights in Rodanthe,7.64,6.0
14,Message in a Bottle,7.9,6.2
15,Anne of Green Gables,8.46,8.4
16,Anne of Green Gables,8.46,8.4
17,Anne of Green Gables,8.46,8.4
18,Anne of Avonlea,8.42,8.3
19,Girl with a Pearl Earring,7.7,6.9
20,Girl with a Pearl Earring,7.7,6.9
21,Girl with a Pearl Earring,7.7,6.9
22,Pride and Prejudice,8.48,8.9
23,Pride and Prejudice,8.48,8.9
24,Pride and Prejudice,8.48,8.9
25,Pride and Prejudice,8.48,8.9
26,Never Let Me Go,7.6,7.2
27,Never Let Me Go,7.6,7.2
28,The Time Machine,7.74,5.9
29,The Time Machine,7.74,5.9
30,The Time Machine,7.74,5.9
31,Treasure Island,7.64,7.0
32,Hamlet,8.0,7.8
33,A Christmas Carol,8.04,6.8
34,Nineteen Eighty-Four,8.28,7.6
35,A Midsummer Night's Dream,7.88,6.5
36,To Kill a Mockingbird,8.52,8.3
37,1776,8.12,7.6
38,David Copperfield,7.92,7.8
39,Oliver Twist,7.7,6.9
40,East of Eden,8.7,8.0
41,East of Eden,8.7,8.0
42,The Little Prince,8.56,7.8
43,The Alchemist,7.64,3.8
44,Suzanne's Diary for Nicholas,8.32,6.6
45,The Metamorphosis,7.56,3.9
46,Life of Pi,7.76,7.9
47,A Portrait of the Artist as a Young Man,7.22,6.4
48,A Portrait of the Artist as a Young Man,7.22,6.4
49,National Theatre Live: The Curious Incident of the Dog in the Night-Time,7.7,8.2
50,Night at the Museum,8.6,6.4
51,A Midsummer Night's Dream,7.88,6.5
52,James and the Giant Peach,7.98,6.7
53,The Handmaid's Tale,8.14,8.6
54,Don Quijote de la Mancha,7.7,7.4
55,Brave New World,7.94,5.3
56,The Hobbit,8.5,6.8
57,The Hobbit,8.5,6.8
58,Tuesdays with Morrie,8.14,7.5
59,La dernière leçon du parrain,8.14,7.9
60,Tuesdays with Morrie,8.14,7.5
61,Lord of the Flies,7.3,6.4
62,The Great Gatsby,7.78,7.3
63,Siddhartha,7.98,6.7
64,Like Water for Chocolate,7.88,7.2
65,To Kill a Mockingbird,8.52,8.3
66,To Kill a Mockingbird,8.52,8.3
67,The House of the Spirits,8.4,6.9
68,The House of the Spirits,8.4,6.9
69,Twelfth Night,7.94,8.1
70,Crime and Punishment,8.38,7.2
71,Crime and Punishment,8.38,7.2
72,A Portrait of the Artist as a Young Man,7.22,6.4
73,Great Expectations,7.5,6.8
74,Crime and Punishment,8.38,7.2
75,American Psycho,7.62,7.6
76,Siddhartha,7.98,6.7
77,Siddhartha,7.98,6.7
78,Siddhartha,7.98,6.7
79,Siddhartha,7.98,6.7
80,Siddhartha,7.98,6.7
81,Siddhartha,7.98,6.7
82,White Oleander,7.88,7.2
83,Great Expectations,7.5,6.8
84,The Hound of the Baskervilles,8.18,7.6
85,The Hound of the Baskervilles,8.18,7.6
86,The Hound of the Baskervilles,8.18,7.6
87,On the Road,7.28,6.1
88,On the Road,7.28,6.1
89,On the Road,7.28,6.1
90,On the Road,7.28,6.1
91,Where the Heart Is,8.0,6.8
92,Midwives,7.94,6.1
93,Slaughterhouse-Five,8.12,6.9
94,Perfume: The Story of a Murderer,8.0,7.5
95,Perfume: The Story of a Murderer,8.0,7.5
96,Beloved,7.54,5.9
97,Cloudy with a Chance of Meatballs,8.3,7.0
98,The Lovely Bones,7.56,6.7
99,The Lovely Bones,7.56,6.7
100,The Lovely Bones,7.56,6.7
101,The Catcher in the Rye,7.58,2.1
102,Ways of Seeing,7.5,8.6
103,Like Water for Chocolate,7.88,7.2
104,Like Water for Chocolate,7.88,7.2
105,Running with Scissors,7.4,6.2
106,The Brothers Karamazov,8.62,6.8
107,A Portrait of the Artist as a Young Man,7.22,6.4
108,A Portrait of the Artist as a Young Man,7.22,6.4
109,A Portrait of the Artist as a Young Man,7.22,6.4
110,The Count of Monte Cristo,8.44,7.8
111,The Count of Monte Cristo,8.44,7.8
112,Angeli e demoni,7.72,7.2
113,The Unbearable Lightness of Being,8.16,7.4
114,The Time Machine,7.74,5.9
115,The Time Machine,7.74,5.9
116,The Picture of Dorian Gray,8.12,7.6
117,LolLOTR: the Silmarillion,7.76,7.0
118,The Brothers Karamazov,8.62,6.8
119,The Picture of Dorian Gray,8.12,7.6
120,Asfixia,7.38,5.2
121,The Brothers Karamazov,8.62,6.8
122,The Brothers Karamazov,8.62,6.8
123,The Brothers Karamazov,8.62,6.8
124,The Very Hungry Caterpillar,8.58,5.3
125,The Brothers Karamazov,8.62,6.8
126,Moby Dick,6.94,7.4
127,The Brothers Karamazov,8.62,6.8
128,The Very Hungry Caterpillar,8.58,5.3
129,She's Come Undone,7.68,6.8
130,The Phantom Tollbooth,8.44,7.0
131,David Copperfield,7.92,7.8
132,Great Expectations,7.5,6.8
133,In Cold Blood,8.1,8.0
134,Blindness,8.16,6.6
135,Little Women,8.08,7.3
136,Wuthering Heights,7.64,7.7
137,Wuthering Heights,7.64,7.7
138,Wuthering Heights,7.64,7.7
139,Wuthering Heights,7.64,7.7
140,Wuthering Heights,7.64,7.7
141,The Thorn Birds,8.44,8.0
142,High Fidelity,7.88,7.5
143,About a Boy,7.58,7.1
144,About a Boy,7.58,7.1
145,The World According to Garp,8.14,7.2
146,Atlas Shrugged: Part I,7.36,5.7
147,Atlas Shrugged: Part I,7.36,5.7
148,Fahrenheit 451,7.94,7.3
149,Nineteen Eighty-Four,8.28,7.6
150,1984,8.28,7.2
151,The Unbearable Lightness of Being,8.16,7.4
152,1984,8.28,7.2
153,The Count of Monte Cristo,8.44,7.8
154,The Catcher in the Rye,7.58,2.1
155,A Tale of Two Cities,7.62,7.8
156,A Tale of Two Cities,7.62,7.8
157,A Tale of Two Cities,7.62,7.8
158,A Tale of Two Cities,7.62,7.8
159,A Tale of Two Cities,7.62,7.8
160,A Tale of Two Cities,7.62,7.8
161,A Tale of Two Cities,7.62,7.8
162,A Tale of Two Cities,7.62,7.8
163,Lord of the Flies,7.3,6.4
164,Lord of the Flies,7.3,6.4
165,Lord of the Flies,7.3,6.4
166,The Lorax,8.7,6.4
167,The Canterbury Tales,6.96,6.5
168,A Walk in the Woods,8.1,6.3
169,A Walk in the Woods,8.1,6.3
170,The Shipping News,7.66,6.8
171,Black Beauty,7.88,6.6
172,East of Eden,8.7,8.0
173,East of Eden,8.7,8.0
174,American Gods,8.22,8.1
175,Cat's Cradle,8.36,6.2
176,Lolita,7.76,7.6
177,Lolita,7.76,7.6
178,Gulliver's Travels,7.1,4.9
179,Fear and Loathing in Las Vegas,8.16,7.7
180,The Martian Chronicles,8.24,6.7
181,Bridget Jones's Diary,7.5,6.7
182,Moby Dick,6.94,7.4
183,Moby Dick,6.94,7.4
184,Moby Dick,6.94,7.4
185,Never Let Me Go,7.6,7.2
186,John Adams,8.1,8.6
187,Siddhartha,7.98,6.7
188,The Odyssey,7.46,7.0
189,The Odyssey,7.46,7.0
190,The Odyssey,7.46,7.0
191,Le portrait de Dorian Gray,8.12,6.3
192,A Tale of Two Cities,7.62,7.8
193,A Tale of Two Cities,7.62,7.8
194,Pride and Prejudice,8.48,8.9
195,The Secret Garden,8.24,7.3
196,The Secret Garden,8.24,7.3
197,Dear John,8.02,6.3
198,The Rescue,8.2,5.5
199,A Bend in the Road,8.04,6.4
200,Lord of the Flies,7.3,6.4
201,The Age of Innocence,7.86,7.2
202,Dear John,8.02,6.3
203,Where the Wild Things Are,8.44,6.8
204,The History of Love,7.82,6.4
205,The Adventures of Robinson Crusoe,7.32,8.1
206,Robinson Crusoe,7.32,5.9
207,Pride and Prejudice,8.48,8.9
208,Life of Pi,7.76,7.9
209,The Art of War by Sun Tzu,7.9,7.9
210,Emma,7.98,6.7
211,A Clockwork Orange,7.96,8.3
212,A Clockwork Orange,7.96,8.3
213,A Clockwork Orange,7.96,8.3
214,A Clockwork Orange,7.96,8.3
215,The 7 Habits of Highly Effective People,8.1,7.3
216,The Hound of the Baskervilles,8.18,7.6
217,The Hound of the Baskervilles,8.18,7.6
218,The Witches,8.34,6.8
219,Iliad,7.66,6.1
220,House of Sand and Fog,7.66,7.6
221,A Room with a View,7.82,7.4
222,Bridge to Terabithia,7.96,7.2
223,Bridge to Terabithia,7.96,7.2
224,The Old Man and the Sea,7.46,7.0
225,Bridge to Terabithia,7.96,7.2
226,Big Fish in Middlesex,7.96,8.1
227,The Metamorphosis,7.56,3.9
228,Cloud Atlas,8.02,7.5
229,Perfume: The Story of a Murderer,8.0,7.5
230,Bridget Jones's Diary,7.5,6.7
231,The Great Gatsby,7.78,7.3
232,The Great Gatsby,7.78,7.3
233,The Great Gatsby,7.78,7.3
234,Anne of Avonlea,8.42,8.3
235,Anne of Avonlea,8.42,8.3
236,Anne of Avonlea,8.42,8.3
237,Catch-22,7.96,7.2
238,Catch-22,7.96,7.2
239,Fahrenheit 451,7.94,7.3
240,Macbeth,7.76,6.6
241,Macbeth,7.76,6.6
242,Macbeth,7.76,6.6
243,The House of the Spirits,8.4,6.9
244,The House of the Spirits,8.4,6.9
245,Great Expectations,7.5,6.8
246,Great Expectations,7.5,6.8
247,Great Expectations,7.5,6.8
248,Great Expectations,7.5,6.8
249,Memoirs of a Geisha,8.16,7.4
250,Breakfast at Tiffany's,7.78,7.7
251,Never Let Me Go,7.6,7.2
252,Moby Dick,6.94,7.4
253,The Picture of Dorian Gray,8.12,7.6
254,The Good Earth,7.94,7.8
255,Hamlet,8.0,7.8
256,Secret Garden,8.24,8.3
257,The Dark Tower,8.54,5.7
258,The Great Gatsby,7.78,7.3
259,The Great Gatsby,7.78,7.3
260,Anne of Avonlea,8.42,8.3
261,Snow Falling on Cedars,7.6,6.8
262,Snow Falling on Cedars,7.6,6.8
263,Persuasion,8.26,7.6
264,Cloud Atlas,8.02,7.5
265,The Bell Jar,7.96,5.7
266,The Bell Jar,7.96,5.7
267,Gulliver's Travels,7.1,4.9
268,Gulliver's Travels,7.1,4.9
269,Fear and Loathing in Las Vegas,8.16,7.7
270,Gulliver's Travels,7.1,4.9
271,Gulliver's Travels,7.1,4.9
272,Fear and Loathing in Las Vegas,8.16,7.7
273,Gulliver's Travels,7.1,4.9
274,Gulliver's Travels,7.1,4.9
275,The House of the Spirits,8.4,6.9
276,Breakfast at Tiffany's,7.78,7.7
277,Breakfast at Tiffany's,7.78,7.7
278,The Adventures of Huckleberry Finn,7.6,6.3
279,The Adventures of Huckleberry Finn,7.6,6.3
280,The Adventures of Huckleberry Finn,7.6,6.3
281,The Adventures of Huckleberry Finn,7.6,6.3
282,The Hours,7.82,7.6
283,Les heures souterraines,7.82,7.5
284,Brave New World,7.94,5.3
285,The Three Musketeers,8.12,5.8
286,Fahrenheit 451,7.94,7.3
287,Atonement,7.76,7.8
288,The Good Earth,7.94,7.8
289,The Canterbury Tales,6.96,6.5
290,The Handmaid's Tale,8.14,8.6
291,The Handmaid's Tale,8.14,8.6
292,Der Prozeß,7.96,7.1
293,The Catcher in the Rye,7.58,2.1
294,Life of Pi,7.76,7.9
295,Big Fish in Middlesex,7.96,8.1
296,She's Come Undone,7.68,6.8
297,From the Mixed-Up Files of Mrs. Basil E. Frankweiler,8.3,6.2
298,From the Mixed-Up Files of Mrs. Basil E. Frankweiler,8.3,6.2
299,Robinson Crusoe,7.32,5.9
300,The Devil Wears Prada,7.4,6.9
301,A Separate Peace,7.12,5.4
302,The Devil Wears Prada,7.4,6.9
303,The Odyssey,7.46,7.0
304,The Odyssey,7.46,7.0
305,The Woman in White,7.96,6.6
306,The Woman in White,7.96,6.6
307,The Woman in White,7.96,6.6
308,The Importance of Being Earnest,8.34,6.9
309,The Woman in White,7.96,6.6
310,The Woman in White,7.96,6.6
311,The Woman in White,7.96,6.6
312,The Pearl,6.82,7.6
313,The Bell Jar,7.96,5.7
314,Lord of the Flies,7.3,6.4
315,The Art of War,7.9,5.7
316,A Separate Peace,7.12,5.4
317,A Separate Peace,7.12,5.4
318,The Corrections,7.56,7.2
319,Of Mice and Men,7.68,7.5
320,Lolita,7.76,7.6
321,Animal Farm,7.76,7.2
322,Animal Farm,7.76,7.2
323,Into the Wild,7.9,8.1
324,V for Vendetta,8.5,8.2
325,Bridge to Terabithia,7.96,7.2
326,The Picture of Dorian Gray,8.12,7.6
327,The Picture of Dorian Gray,8.12,7.6
328,The Picture of Dorian Gray,8.12,7.6
329,Fahrenheit 451,7.94,7.3
330,The Wind in the Willows,7.96,7.8
331,Catch-22,7.96,7.2
332,Tuesdays with Morrie,8.14,7.5
333,Angela's Ashes,8.16,7.3
334,Angels & Demons,7.72,6.7
335,The Phantom Tollbooth,8.44,7.0
336,The Woman in White,7.96,6.6
337,Snow Falling on Cedars,7.6,6.8
338,The Thorn Birds,8.44,8.0
339,Hamlet,8.0,7.8
340,The Old Man and the Sea,7.46,7.0
341,Hamlet,8.0,7.8
342,A Midsummer Night's Dream,7.88,6.5
343,Veronika Decides to Die,7.38,6.5
344,Hamlet,8.0,7.8
345,Pride and Prejudice,8.48,8.9
346,The Awakening,7.26,6.5
347,The Reader,7.46,7.6
348,A Midsummer Night's Dream,7.88,6.5
349,The Five People You Meet in Heaven,7.8,7.4
350,The Lovely Bones,7.56,6.7
351,The Things They Carried,8.24,7.2
352,The Great Gatsby,7.78,7.3
353,National Theatre Live: The Curious Incident of the Dog in the Night-Time,7.56,8.2
354,Matilda,7.7,6.9
355,The Secret Garden,8.48,7.3
356,The Secret Garden,8.24,7.3
357,The Secret Garden,8.24,7.3
358,Of Mice and Men,8.24,7.5
359,Of Mice and Men,7.68,7.5
360,A Million Little Pieces,7.68,1.3
361,The Bell Jar,7.24,5.7
362,Robinson Crusoe,8.08,5.9
363,Robinson Crusoe,7.32,5.9
364,Robinson Crusoe,7.32,5.9
365,Robinson Crusoe,7.32,5.9
366,Robinson Crusoe,7.32,5.9
367,Anne of Avonlea,8.42,8.3
368,Moby Dick,6.94,7.4
369,The Prophet,7.78,7.1
370,A Million Little Pieces,8.66,1.3
371,The Brothers Karamazov,7.24,6.8
372,The Brothers Karamazov,8.62,6.8
373,Atlas Shrugged: Part I,8.62,5.7
374,Atlas Shrugged: Part I,8.08,5.7
375,Atlas Shrugged: Part I,7.36,5.7
376,Atlas Shrugged: Part I,7.36,5.7
377,Memoirs of a Geisha,7.48,7.4
378,Midnight in the Garden of Good and Evil,8.16,6.6
379,Midnight in the Garden of Good and Evil,7.8,6.6
380,Robinson Crusoe,7.8,5.9
381,Robinson Crusoe,7.32,5.9
382,National Theatre Live: The Curious Incident of the Dog in the Night-Time,7.32,8.2
383,Anna Karenina,8.04,6.6
384,THINK and GROW RICH: The Legacy,8.04,9.1
385,THINK and GROW RICH: The Legacy,8.34,9.1
386,THINK and GROW RICH: The Legacy,8.34,9.1
387,THINK and GROW RICH: The Legacy,8.34,9.1
388,THINK and GROW RICH: The Legacy,8.34,9.1
389,Treasure Island,8.26,7.0
390,Treasure Island,7.64,7.0
391,The Glass Castle,7.8,7.2
392,The Glass Castle,8.48,7.2
393,The Glass Castle,8.48,7.2
394,National Theatre Live: The Curious Incident of the Dog in the Night-Time,8.48,8.2
395,Robinson Crusoe,8.48,5.9
396,Robinson Crusoe,7.32,5.9
397,A Little Princess,7.32,7.7
398,The Secret Garden,8.38,7.3
399,Little Women,8.24,7.3
400,Little Women,8.08,7.3
401,High Fidelity,8.08,7.5
402,About a Boy,7.88,7.1
403,Heidi,8.42,7.3
404,Atonement,7.94,7.8
405,A Midsummer Night's Dream,7.76,6.5
406,A Christmas Carol,7.22,6.8
407,The Rainmaker,8.04,7.1
408,Los Angeles Plays Itself,7.54,8.0
409,The Sun Also Rises,7.72,6.3
410,The Sun Also Rises,7.66,6.3
411,The Sun Also Rises,7.66,6.3
412,The Shipping News,7.66,6.8
413,Der kleine Prinz,8.56,7.9
414,The Little Prince,8.56,7.8
415,On the Road,8.56,6.1
416,National Theatre Live: The Curious Incident of the Dog in the Night-Time,7.72,8.2
417,National Theatre Live: The Curious Incident of the Dog in the Night-Time,7.7,8.2
418,The Good Earth,7.66,7.8
419,The Stand,7.94,7.2
420,Oedipus Rex,8.68,7.5
421,Oedipus the King,7.34,6.8
422,The Catcher in the Rye,8.08,2.1
423,The Art of War,7.58,5.7
424,The Grapes of Wrath,8.84,8.1
425,The Grapes of Wrath,7.86,8.1
426,The Grapes of Wrath,7.86,8.1
427,The Grapes of Wrath,7.86,8.1
428,The Grapes of Wrath,7.86,8.1
429,A Midsummer Night's Dream,7.86,6.5
430,The Adventures of Sherlock Holmes,7.88,8.7
431,A Midsummer Night's Dream,8.6,6.5
432,American Gods,7.88,8.1
433,Atonement,7.94,7.8
434,Atonement,7.76,7.8
435,Life of Pi,7.76,7.9
436,A Study in Scarlet,8.24,5.7
437,The Old Man and the Sea,8.16,7.0
438,The Canterbury Tales,7.78,6.5
439,Angels & Demons,8.0,6.7
440,Naked,7.94,7.9
441,Fear and Loathing in Las Vegas,8.16,7.7
442,Fear and Loathing in Las Vegas,8.16,7.7
443,Waiting for Godot,7.62,7.7
444,The Adventures of Huckleberry Finn,7.62,6.3
445,The Cider House Rules,7.6,7.4
446,The Cider House Rules,8.2,7.4
447,Where the Wild Things Are,6.94,6.8
448,Moby Dick,6.94,7.4
449,Of Mice and Men,6.94,7.5
450,Le Petit Prince,7.46,7.3
451,The Count of Monte Cristo,8.56,7.8
452,The Count of Monte Cristo,8.44,7.8
453,The Count of Monte Cristo,8.44,7.8
454,The Count of Monte Cristo,8.44,7.8
455,The Count of Monte Cristo,8.44,7.8
456,Macbeth,8.44,6.6
457,Love in the Time of Cholera,7.76,6.4
458,Of Mice and Men,8.22,7.5
459,Of Mice and Men,7.68,7.5
460,Where the Wild Things Are,8.22,6.8
461,The Adventures of Huckleberry Finn,7.58,6.3
462,East of Eden,7.6,8.0
463,A Million Little Pieces,8.08,1.3
464,Snow Flower and the Secret Fan,7.46,6.1
465,The Brothers Karamazov,7.46,6.8
466,The Count of Monte Cristo,8.62,7.8
467,The Count of Monte Cristo,8.44,7.8
468,Crime and Punishment,8.44,7.2
469,Crime and Punishment,8.38,7.2
470,The Kite Runner,7.58,7.6
471,The Client,8.52,6.7
472,The Chamber,7.98,6.0
473,1776,8.06,7.6
474,Sharp Objects,8.44,8.3
475,Anna Karenina,8.4,6.6
476,Anna Karenina,8.04,6.6
477,Anna Karenina,8.04,6.6
478,Anna Karenina,8.04,6.6
479,In Cold Blood,8.04,8.0
480,Atlas Shrugged: Part I,7.36,5.7
481,Cloudy with a Chance of Meatballs,8.1,7.0
482,Cloudy with a Chance of Meatballs,8.3,7.0
483,Cloudy with a Chance of Meatballs,8.3,7.0
484,The BFG,7.58,6.4
485,The BFG,8.44,6.4
486,The BFG,8.44,6.4
487,Anna Karenina,8.44,6.6
488,Slaughterhouse-Five,8.4,6.9
489,Breakfast of Champions,8.12,4.6
490,Siddhartha,8.16,6.7
491,The Prophet,7.98,7.1
492,On the Road,8.46,6.1
493,American Psycho,7.28,7.6
494,She's Come Undone,8.34,6.8
495,Atlas Shrugged: Part I,7.68,5.7
496,The Corrections,7.36,7.2
497,The Hobbit,8.04,6.8
498,The Hobbit,9.08,6.8
499,The Thorn Birds,8.5,8.0
500,The Thorn Birds,8.44,8.0
501,The Master and Margarita,8.44,7.6
502,Crime and Punishment,8.64,7.2
503,Eleven Minutes,8.46,6.6
504,To Kill a Mockingbird,8.52,8.3
505,"Men Are from Mars, Women Are from Venus",7.04,5.4
506,The Odyssey,7.54,7.0
507,The Historian,7.46,4.4
508,Anthem,7.54,7.3
509,The Fountainhead,7.24,7.1
510,The Road,7.7,7.3
511,The Joy Luck Club,7.9,7.6
512,The Joy Luck Club,7.8,7.6
513,The Joy Luck Club,7.8,7.6
514,The Joy Luck Club,7.8,7.6
515,THINK and GROW RICH: The Legacy,7.8,9.1
516,THINK and GROW RICH: The Legacy,8.34,9.1
517,Big Fish in Middlesex,8.24,8.1
518,Fight Club,7.96,8.8
519,The Count of Monte Cristo,8.08,7.8
520,A Farewell to Arms,8.24,6.5
521,The Adventures of Sherlock Holmes,8.6,8.7
522,Timeline,8.6,5.6
523,The Old Man and the Sea,7.66,7.0
524,A Christmas Carol,7.46,6.8
525,A Christmas Carol,8.04,6.8
526,A Christmas Carol,8.04,6.8
527,Anna Karenina,8.04,6.6
528,Great Expectations,8.04,6.8
529,The Secret Life of Bees,7.5,7.3
530,The Secret Life of Bees,8.02,7.3
531,The Secret Life of Bees,8.02,7.3
532,The Red Tent,8.02,7.3
533,Salem's Lot,8.32,6.8
534,Apocalipsis,7.98,8.6
535,El hacha diabólica,7.36,6.3
536,Anna Karenina,8.38,6.6
537,The Hound of the Baskervilles,8.04,7.6
538,The Hound of the Baskervilles,8.18,7.6
539,The Fountainhead,8.38,7.1
540,Everything Is Illuminated,7.7,7.5
541,Everything Is Illuminated,7.8,7.5
542,Memoirs of a Geisha,8.06,7.4
543,Memoirs of a Geisha,8.16,7.4
544,Memoirs of a Geisha,8.16,7.4
545,Memoirs of a Geisha,8.16,7.4
546,Memoirs of a Geisha,8.16,7.4
547,The Catcher in the Rye,8.48,2.1
548,The Call of the Wild,8.48,6.0
549,War and Peace,7.66,6.8
550,Vergeef me,8.36,6.1
551,Salem's Lot,7.68,6.8
552,The BFG,7.98,6.4
553,The BFG,8.44,6.4
554,John Adams,8.22,8.6
555,The War of the Worlds,6.94,7.2
556,Madame Bovary,7.6,5.7
557,The Hours,7.3,7.6
558,The Hours,7.82,7.6
559,Madame Bovary,8.48,5.7
560,Heart of Darkness,7.3,5.8
561,The Old Man and the Sea,6.84,7.0
562,The Old Man and the Sea,7.46,7.0
563,Salem's Lot,7.46,6.8
564,Salem's Lot,7.98,6.8
565,Salem's Lot,7.98,6.8
566,1984,7.98,7.2
567,1984,8.28,7.2
568,Nineteen Eighty-Four,8.52,7.6
569,For Whom the Bell Tolls,8.38,7.0
570,The Alchemist,7.72,3.8
571,The War of the Worlds,7.64,7.2
572,Atonement,7.6,7.8
573,A Tale of Two Cities,7.76,7.8
574,A Tale of Two Cities,7.62,7.8
575,Little Women,7.62,7.3
576,Little Women,8.08,7.3
577,Little Women,8.08,7.3
578,The War of the Worlds,8.08,7.2
579,Life of Pi,7.6,7.9
580,"Men Are from Mars, Women Are from Venus",7.04,5.4
581,Siddhartha,8.16,6.7
582,Anna Karenina,7.64,6.6
583,Anna Karenina,8.04,6.6
584,Don Quixote,8.22,6.2
585,Don Quixote,7.7,6.2
586,A Brief History of Time,7.7,7.4
587,Don Quixote,8.38,6.2
588,Don Quixote,7.7,6.2
589,Don Quixote,7.7,6.2
590,Suzanne's Diary for Nicholas,7.7,6.6
591,Suzanne's Diary for Nicholas,8.32,6.6
592,Suzanne's Diary for Nicholas,8.32,6.6
593,Suzanne's Diary for Nicholas,8.32,6.6
594,The Diary of Anne Frank,8.32,7.4
595,The Kite Runner,8.2,7.6
596,The Westing Game,8.6,5.4
597,Siddhartha,8.06,6.7
598,Siddhartha,7.98,6.7
599,Of Mice and Men,7.98,7.5
600,Bel Canto,7.68,5.1
601,Bel Canto,7.84,5.1
602,Siddhartha,7.84,6.7
603,Bel Canto,7.98,5.1
604,Siddhartha,7.94,6.7
605,Siddhartha,7.98,6.7
606,Siddhartha,7.98,6.7
607,Siddhartha,7.98,6.7
608,Siddhartha,7.98,6.7
609,Fahrenheit 451,7.98,7.3
610,Fahrenheit 451,7.94,7.3
611,Heart of Darkness,8.6,5.8
612,Heart of Darkness,6.84,5.8
613,Heart of Darkness,6.84,5.8
614,Heart of Darkness,6.84,5.8
615,Congo,7.66,5.1
616,The Andromeda Strain,7.12,7.2
617,Heart of Darkness,8.16,5.8
618,Pride and Prejudice,6.84,8.9
619,Pride and Prejudice,8.48,8.9
620,Little Women,7.72,7.3
621,Little Women,8.08,7.3
622,Angela's Ashes,8.32,7.3
623,Girl with a Pearl Earring,8.16,6.9
624,The Pillars of the Earth,8.58,8.1
625,World Without End,8.3,7.0
626,Little Women,8.46,7.3
627,The Shining,9.02,8.4
628,Pet Sematary,8.36,6.6
629,Die Pest in Florenz,7.82,6.4
630,A Farewell to Arms,7.94,6.5
631,A Farewell to Arms,7.58,6.5
632,Mitch Albom's For One More Day,8.76,5.8
633,Art of War,8.42,7.6
634,Jane Eyre,7.9,7.4
635,Cold Mountain,8.62,7.2
636,Charlotte's Web,8.16,6.3
637,The Art of War,8.18,5.7
638,The Art of War,7.9,5.7
639,Naked,7.9,7.9
640,The Three Musketeers,8.16,5.8
641,The Three Musketeers,8.12,5.8
642,The Three Musketeers,8.12,5.8
643,The Three Musketeers,8.12,5.8
644,Where the Red Fern Grows,8.12,6.9
645,Where the Red Fern Grows,8.08,6.9
646,Charlotte's Web,7.62,6.3
647,A Christmas Carol,8.3,6.8
648,The Three Musketeers,8.04,5.8
649,A Christmas Carol,8.12,6.8
650,The Namesake,8.04,7.6
651,High Fidelity,7.92,7.5
652,The Namesake,7.88,7.6
653,The Namesake,7.92,7.6
654,The Namesake,7.92,7.6
655,A Study in Scarlet,7.92,5.7
656,Christine,8.3,6.7
657,Night Shift,7.46,6.5
658,Dolores Claiborne,7.92,7.4
659,Carrie,7.62,7.4
660,Cat's Cradle,8.6,6.2
661,Into the Wild,7.82,8.1
662,Charlotte's Web,7.9,6.3
663,A Farewell to Arms,7.96,6.5
664,Cell,7.58,4.3
665,A Farewell to Arms,8.8,6.5
666,Into Thin Air,7.58,7.1
667,The Pact,8.22,5.8
668,Cold Mountain,8.0,7.2
669,My Sister's Keeper,7.66,7.4
670,P.S. I Love You,8.12,7.1
671,P.S. I Love You,8.02,7.1
672,The Virgin Suicides,8.02,7.2
673,The Tenth Circle,7.66,5.9
674,Sophie's World,6.96,5.9
675,The Sound and the Fury,7.76,4.8
676,As I Lay Dying,7.72,5.4
677,The Art of War,7.44,5.7
678,The Memory Keeper's Daughter,8.38,6.7
679,The Memory Keeper's Daughter,7.28,6.7
680,Schindler's List,7.28,8.9
681,Schindler's List,8.68,8.9
682,Schindler's List,8.68,8.9
683,Carrie,8.68,7.4
684,Carrie,7.86,7.4
685,The Name of the Rose,7.86,7.8
686,Dracula,8.22,7.6
687,The Historian,7.96,4.4
688,Insomnia,8.22,7.2
689,Bag of Bones,7.58,5.8
690,Desperation,7.74,5.3
691,Carrie,7.6,7.4
692,Cujo,7.96,6.0
693,The Shining,7.3,8.4
694,Thinner,8.36,5.7
695,Night Shift,7.34,6.5
696,Cujo,7.92,6.0
697,Needful Things,7.3,6.2
698,Misery,8.84,7.8
699,Misery,8.22,7.8
700,The Great Gatsby,8.04,7.3
701,Julius Caesar,8.12,7.4
702,Othello,7.32,6.9
703,Othello,7.76,6.9
704,Othello,7.76,6.9
705,Othello,7.76,6.9
706,Sense and Sensibility,7.56,7.7
707,King Lear,7.6,8.3
708,King Lear,7.8,8.3
709,The Scarlet Letter,7.8,5.2
710,The Scarlet Letter,6.74,5.2
711,The Scarlet Letter,6.74,5.2
712,The Scarlet Letter,7.14,5.2
713,The Scarlet Letter,6.74,5.2
714,The Scarlet Letter,7.22,5.2
715,Norwegian Wood,7.52,6.4
716,Pride and Prejudice,8.48,8.9
717,Emma,8.48,6.7
718,Emma,7.98,6.7
719,Emma,7.98,6.7
720,Emma,7.98,6.7
721,Emma,7.98,6.7
722,Don Quixote,8.0,6.2
723,Neverwhere,7.7,7.3
724,Neverwhere,8.36,7.3
725,The Tempest,8.36,5.4
726,Cujo,8.0,6.0
727,Le pacte du silence,8.08,5.8
728,The Shortest Way Home: C.S. Lewis and Mere Christianity,8.0,4.4
729,King Lear,7.94,8.3
730,In Cold Blood,7.8,8.0
731,In Cold Blood,8.1,8.0
732,Jane Eyre,8.34,7.4
733,Jonathan Strange & Mr Norrell,7.8,8.2
734,Jonathan Strange & Mr Norrell,7.6,8.2
735,The Scarlet Letter,7.6,5.2
736,Much Ado About Nothing,8.62,7.4
737,No Country for Old Men,8.16,8.1
738,Sense and Sensibility,8.26,7.7
739,Sense and Sensibility,8.12,7.7
740,Sense and Sensibility,8.12,7.7
741,Sense and Sensibility,8.12,7.7
742,The Color Purple,8.12,7.8
743,The Dark Half,8.84,5.9
744,The Nanny Diaries,7.88,6.2
745,The Nanny Diaries,7.76,6.2
746,The Nanny Diaries,6.8,6.2
747,The Nanny Diaries,6.8,6.2
748,Much Ado About Nothing,8.12,7.4
749,Much Ado About Nothing,8.12,7.4
750,Much Ado About Nothing,8.12,7.4
751,The Plague,7.78,4.5
752,En attendant Godot,7.94,6.3
753,A Midsummer Night's Dream,7.62,6.5
754,The Story of My Life,7.88,6.8
755,Redeeming Love,8.14,4.1
756,The Time Traveler's Wife,8.98,7.1
757,Beloved,7.98,5.9
758,Wuthering Heights,7.66,7.7
759,In Cold Blood,8.52,8.0
760,The Green Mile,8.0,8.5
761,Dreamcatcher,8.68,5.5
762,The God Delusion Debate,7.18,8.0
763,Jane Eyre,7.78,7.4
764,The Shining,7.88,8.4
765,Marley,8.36,8.0
766,Marley,8.24,8.0
767,Cujo,8.24,6.0
768,The Shining,7.3,8.4
769,The Shining,8.36,8.4
770,One Flew Over the Cuckoo's Nest,7.92,8.7
771,One Flew Over the Cuckoo's Nest,8.36,8.7
772,One Flew Over the Cuckoo's Nest,8.36,8.7
773,One Flew Over the Cuckoo's Nest,8.36,8.7
774,One Flew Over the Cuckoo's Nest,8.36,8.7
775,The Color Purple,8.36,7.8
776,The Odyssey,8.16,7.0
777,The Man in the High Castle,7.46,8.1
778,The Man in the High Castle,7.32,8.1
779,Death of a Salesman,6.98,7.3
780,The Things They Carried,8.14,7.2
781,Lord of the Flies,8.24,6.4
782,Julius Caesar,7.32,7.4
783,Salem's Lot,7.12,6.8
784,The Shortest Way Home: C.S. Lewis and Mere Christianity,8.42,4.4
785,The Shortest Way Home: C.S. Lewis and Mere Christianity,8.62,4.4
786,The Dead Zone,6.94,7.2
787,Pet Sematary,7.12,6.6
788,The Shortest Way Home: C.S. Lewis and Mere Christianity,8.48,4.4
789,The Shortest Way Home: C.S. Lewis and Mere Christianity,8.62,4.4
790,Island of the Blue Dolphins,8.62,6.1
791,Island of the Blue Dolphins,7.6,6.1
792,The Dead Zone,7.6,7.2
793,Night Shift,7.8,6.5
794,Cujo,7.92,6.0
795,Matilda,8.68,6.9
796,Alice in Wonderland,7.4,6.5
797,Anna Karenina,7.82,6.6
798,Cujo,8.04,6.0
799,A Streetcar Named Desire,7.3,8.0
800,The Dark Half,7.94,5.9
801,Twelfth Night,7.86,8.1
802,Jane Eyre,7.94,7.4
803,Jane Eyre,8.2,7.4
804,Jane Eyre,8.2,7.4
805,Jane Eyre,8.2,7.4
806,Jane Eyre,8.2,7.4
807,Neverwhere,8.08,7.3
808,Neverwhere,8.36,7.3
809,The Time Traveler's Wife,8.36,7.1
810,Firestarter,7.12,6.0
811,Gulliver's Travels,7.98,4.9
812,Lord of the Flies,7.22,6.4
813,Lord of the Flies,7.3,6.4
814,Gulliver's Travels,7.1,4.9
815,Stiff,7.1,6.7
816,Dreamcatcher,8.48,5.5
817,The Hours,7.18,7.6
818,Anna Karenina,8.8,6.6
819,Rebecca,8.04,8.1
820,Island of the Blue Dolphins,8.42,6.1
821,I Know Why the Caged Bird Sings,7.92,7.2
822,The Time Traveler's Wife,8.38,7.1
823,The Time Traveler's Wife,7.9,7.1
824,Julius Caesar,8.68,7.4
825,The Tempest,7.32,5.4
826,Julius Caesar,7.6,7.4
827,Othello,7.76,6.9
828,Julius Caesar,7.76,7.4
829,Othello,7.32,6.9
830,Island of the Blue Dolphins,7.76,6.1
831,Night at the Museum,8.2,6.4
832,Night at the Museum,8.6,6.4
833,Watership Down,8.6,7.7
834,Much Ado About Nothing,8.12,7.4
835,Carrie,8.24,7.4
836,Marley,7.86,8.0
837,My Sister's Keeper,8.24,7.4
838,Invisible Man,8.12,7.0
839,Invisible Man,7.68,7.0
840,Twelfth Night,8.12,8.1
841,Twelfth Night,7.94,8.1
842,Much Ado About Nothing,7.94,7.4
843,Julius Caesar,7.32,7.4
844,Julius Caesar,8.12,7.4
845,One Flew Over the Cuckoo's Nest,8.5,8.7
846,Watership Down,8.36,7.7
847,Watership Down,8.12,7.7
848,Watership Down,8.5,7.7
849,One Flew Over the Cuckoo's Nest,8.6,8.7
850,One Flew Over the Cuckoo's Nest,8.36,8.7
851,A Streetcar Named Desire,8.0,8.0
852,Plain Truth,7.94,6.4
853,The Pact,8.2,5.8
854,Pride and Prejudice,8.0,8.9
855,Pride and Prejudice,8.48,8.9
856,Pride and Prejudice,8.48,8.9
857,Pride and Prejudice,8.48,8.9
858,Pride and Prejudice,8.48,8.9
859,Julie,7.34,6.2
860,Plain Truth,8.2,6.4
861,In Her Shoes,7.94,6.5
862,The Outsiders,9.08,7.2
863,A Beautiful Mind,8.12,8.2
864,A Beautiful Mind,8.12,8.2
865,"The Chronicles of Narnia: The Lion, the Witch and the Wardrobe",8.16,6.9
866,A Tree Grows in Brooklyn,8.38,8.1
867,Siddhartha,8.12,6.7
868,The Secret Garden,7.98,7.3
869,The Stranger,8.76,7.4
870,The Outsider,7.92,6.3
871,Paradise Lost,9.02,5.2
872,Into the Inferno,8.68,7.2
873,Dante's Inferno: An Animated Epic,7.98,6.6
874,The Hobbit,9.02,6.8
875,The Guardian,8.5,6.9
876,The Lord of the Rings,8.28,6.2
877,Outsider,8.94,8.1
878,The Plague,7.94,4.5
879,The Corrections,7.92,7.2
880,The Corrections,8.94,7.2
881,The Lord of the Rings,9.02,6.2
882,The Lord of the Rings,8.94,6.2
883,The Lovely Bones,8.94,6.7
884,House of Sand and Fog,7.66,7.6
885,House of Sand and Fog,7.66,7.6
886,House of Sand and Fog,8.68,7.6
887,The Guardian,8.3,6.9
888,A Bend in the Road,8.04,6.4
889,A Walk to Remember,8.04,7.4
890,The Guardian,8.76,6.9
891,Nights in Rodanthe,8.28,6.0
892,The Wedding,7.64,7.8
893,Message in a Bottle,8.2,6.2
894,The Time Traveler's Wife,7.9,7.1
895,Paradise Lost,7.9,5.2
896,Paradise Lost,7.6,5.2
897,Paradise Lost,7.6,5.2
898,The Awakening,8.46,6.5
899,The Awakening,7.26,6.5
900,The Deep End of the Ocean,7.68,6.4
901,Walden,7.76,4.9
902,The Prince of Tides,7.58,6.7
903,The Prince of Tides,8.44,6.7
904,Paradise Lost,8.06,5.2
905,Paradise Lost,8.06,5.2
906,Stardust,7.6,7.7
907,Naked,7.96,7.9
908,Naked,8.16,7.9
909,Nackt unter Wölfen,8.16,7.3
910,Promène-toi donc tout nu!,8.18,5.3
911,The Phantom Tollbooth,7.94,7.0
912,The Westing Game,8.44,5.4
913,The Phantom Tollbooth,8.06,7.0
914,Invisible Man,8.44,7.0
915,And Then There Were None,7.66,8.0
916,A Tale of Two Cities,8.46,7.8
917,A Study in Scarlet,7.96,5.7
918,The Hound of the Baskervilles,8.3,7.6
919,Heart of Darkness,8.18,5.8
920,Coraline,8.58,7.7
921,Coraline,8.06,7.7
922,Coraline,8.02,7.7
923,Coraline,8.4,7.7
924,Wuthering Heights,8.06,7.7
925,Dracula,7.64,7.6
926,Starship Troopers,7.96,7.2
927,Starship Troopers,7.98,7.2
928,Dracula,7.98,7.6
929,Dracula,7.96,7.6
930,The Metamorphosis,7.82,3.9
931,Starship Troopers,7.56,7.2
932,Dracula,7.8,7.6
933,Macbeth,7.76,6.6
934,The Scarlet Letter,7.76,5.2
935,Dracula,6.74,7.6
936,The Crucible,7.1,6.8
937,The Sound and the Fury,7.44,4.8
938,Invisible Man,7.72,7.0
939,The Master and Margarita,7.68,7.6
940,Little Women,7.96,7.3
941,Starship Troopers,8.08,7.2
942,The Brothers Karamazov,7.98,6.8
943,The Crucible,8.62,6.8
944,The Hobbit,7.1,6.8
945,The Scarlet Letter,8.5,5.2
946,My Antonia,6.74,6.7
947,Catch-22,7.52,7.2
948,The Handmaid's Tale,7.96,8.6
949,A Brief History of Time,8.58,7.4
950,A Brief History of Time,8.24,7.4
951,Black Beauty,8.24,6.6
952,The Trial,7.88,7.8
953,The Metamorphosis,7.96,3.9
954,The Trial,7.22,7.8
955,Crime and Punishment,7.96,7.2
956,Black Beauty,7.88,6.6
957,Black Beauty,8.08,6.6
958,Anna Karenina,8.0,6.6
959,The Master and Margarita,7.22,7.6
960,The Brothers Karamazov,8.64,6.8
961,Waiting for Godot,8.62,7.7
962,Alice's Adventures in Wonderland,7.62,5.8
963,The Awakening,8.12,6.5
964,The Stranger,7.92,7.4
965,Heart of Darkness,7.7,5.8
966,A Tale of Two Cities,6.84,7.8
967,The Sound and the Fury,7.62,4.8
968,A Tale of Two Cities,7.72,7.8
969,A Tale of Two Cities,7.62,7.8
970,Invisible Man,7.72,7.0
971,The Diary of Anne Frank,8.2,7.4
972,Flowers for Algernon,8.2,6.9
973,Flowers for Algernon,8.14,6.9
974,Flowers for Algernon,8.14,6.9
975,Flowers for Algernon,8.14,6.9
976,War and Peace,8.14,6.8
977,Jane Eyre,8.48,7.4
978,Lolita,8.2,7.6
979,Romeo and Juliet,8.16,7.6
980,Romeo,7.48,7.1
981,Romeo and Juliet,7.48,7.6
982,Romeo and Juliet,7.48,7.6
983,LolLOTR: the Silmarillion,7.48,7.0
984,Gone with the Wind,7.76,8.2
985,Frankenstein,8.56,7.9
986,Hamlet,7.5,7.8
987,Hamlet,8.0,7.8
988,Hamlet,8.0,7.8
989,Hamlet,8.0,7.8
990,War and Peace,8.0,6.8
991,War and Peace,8.22,6.8
992,War and Peace,8.22,6.8
993,Into Thin Air,8.22,7.1
994,Oliver Twist,8.22,6.9
995,Great Expectations,7.7,6.8
996,Great Expectations,7.5,6.8
997,A Journey to the Center of the Earth,7.68,7.3
998,Journey to the Center of the Earth,7.68,5.8
999,In Her Shoes,7.68,6.5
1000,In Her Shoes,7.56,6.5
1001,LolLOTR: the Silmarillion,7.56,7.0
1002,LolLOTR: the Silmarillion,7.76,7.0
1003,LolLOTR: the Silmarillion,7.76,7.0
1004,LolLOTR: the Silmarillion,7.76,7.0
1005,LolLOTR: the Silmarillion,7.76,7.0
1006,LolLOTR: the Silmarillion,7.76,7.0
1007,LolLOTR: the Silmarillion,7.76,7.0
1008,LolLOTR: the Silmarillion,7.76,7.0
1009,LolLOTR: the Silmarillion,7.76,7.0
1010,LolLOTR: the Silmarillion,7.76,7.0
1011,LolLOTR: the Silmarillion,7.76,7.0
1012,Oliver Twist,7.76,6.9
1013,Oliver Twist,7.7,6.9
1014,Oliver Twist,7.7,6.9
1015,Oliver Twist,7.7,6.9
1016,It,7.7,7.4
1017,Hamlet,8.38,7.8
1018,Salem's Lot,8.0,6.8
1019,Frankenstein,7.98,7.9
1020,Frankenstein,7.5,7.9
1021,Macbeth,7.88,6.6
1022,Macbeth,7.76,6.6
1023,Macbeth,7.76,6.6
1024,The Picture of Dorian Gray,7.76,7.6
1025,The Picture of Dorian Gray,8.12,7.6
1026,The Picture of Dorian Gray,8.12,7.6
1027,The Picture of Dorian Gray,8.12,7.6
1028,The Picture of Dorian Gray,8.12,7.6
1029,Frankenstein,8.14,7.9
1030,Frankenstein,7.5,7.9
1031,King Lear,8.68,8.3
1032,King Lear,7.8,8.3
1033,The Brothers Karamazov,7.8,6.8
1034,The Dark Tower,8.46,5.7
1035,The Adventures of Huckleberry Finn,8.46,6.3
1036,The Odyssey,7.6,7.0
1037,The Tale of Peter Rabbit,8.12,8.7
1038,Madame Bovary,8.34,5.7
1039,It's Kind of a Funny Story,8.04,7.1
1040,The Book Thief,8.04,7.6
1041,The Book Thief,8.72,7.6
1042,Paradise Lost,8.72,5.2
1043,The Secret Life of Bees,6.84,7.3
1044,The Brothers Karamazov,8.02,6.8
1045,Middlemarch,7.3,7.7
1046,Middlemarch,7.86,7.7
1047,Middlemarch,7.86,7.7
1048,Madame Bovary,7.86,5.7
1049,Middlemarch,7.86,7.7
1050,Inferno,7.98,6.2
1051,Eat Pray Love,7.98,5.7
1052,Where the Wild Things Are,7.02,6.8
1053,Where the Wild Things Are,8.44,6.8
1054,Madame Bovary,8.18,5.7
1055,Madame Bovary,7.3,5.7
1056,Black Beauty,7.3,6.6
1057,Black Beauty,7.88,6.6
1058,Treasure Island,7.88,7.0
1059,1984,7.64,7.2
1060,Pippi Longstocking,7.86,7.0
1061,Candide,8.22,6.4
1062,Candide,7.52,6.4
1063,Candide,7.52,6.4
1064,Middlemarch,7.52,7.7
1065,Beowulf,8.34,6.2
1066,Beowulf,6.84,6.2
1067,The Scarlet Letter,6.84,5.2
1068,The Scarlet Letter,6.74,5.2
1069,Salem's Lot,6.74,6.8
1070,Salem's Lot,7.98,6.8
1071,The Adventures of Huckleberry Finn,7.98,6.3
1072,The Adventures of Huckleberry Finn,7.6,6.3
1073,The Adventures of Huckleberry Finn,7.6,6.3
1074,The Adventures of Huckleberry Finn,7.6,6.3
1075,The Tale of Peter Rabbit,7.98,8.7
1076,The Tale of Peter Rabbit,8.34,8.7
1077,The Prophet,8.34,7.1
1078,Business As Usual - Der Prophet fliegt mit,8.46,8.0
1079,Watchers,8.5,5.3
1080,The Silence of the Lambs,8.32,8.6
1081,Suzanne's Diary for Nicholas,8.04,6.6
1082,Shutter Island,8.32,8.1
1083,The Silence of the Lambs,8.04,8.6
1084,The Princess Bride,8.28,8.1
1085,Kiss the Girls,8.86,6.6
1086,Watchers,7.98,5.3
1087,The Perks of Being a Wallflower,7.88,8.0
1088,Ten Little Indians,8.44,6.7
1089,The Godfather,8.18,9.2
1090,The Reader,8.18,7.6
1091,The Godfather,7.46,9.2
1092,Congo,8.72,5.1
1093,The Andromeda Strain,8.54,7.2
1094,And Then There Were None,7.94,8.0
1095,Esfera,8.06,7.7
1096,Jurassic Park,7.54,8.1
1097,Jurassic Park,7.94,8.1
1098,The Godfather,7.44,9.2
1099,A Clockwork Orange,7.96,8.3
1100,Memoirs of a Geisha,8.16,7.4
1101,The Godfather,8.16,9.2
1102,The Godfather,8.72,9.2
1103,Choke,7.5,6.5
1104,The Metamorphosis,7.5,3.9
1105,Timeline,7.94,5.6
1106,Jurassic Park,7.66,8.1
1107,Jurassic Park,7.94,8.1
1108,Jurassic Park,7.74,8.1
1109,The Man in the High Castle,7.94,8.1
1110,The Godfather,8.86,9.2
1111,The Godfather,8.72,9.2
1112,Trainspotting,7.66,8.2
1113,Trainspotting,8.16,8.2
1114,Le nom de la rose,8.08,8.0
1115,The Name of the Rose,8.22,7.8
1116,Running with Scissors,8.08,6.2
1117,Running with Scissors,7.4,6.2
1118,The Silence of the Lambs,7.4,8.6
1119,Lord of the Flies,8.74,6.4
1120,Lord of the Flies,7.3,6.4
1121,The Alchemist,7.3,3.8
